<?xml version="1.0" encoding="UTF-8"?>
<beans:beans xmlns="http://www.springframework.org/schema/aop"	
	xmlns:beans="http://www.springframework.org/schema/beans"
	xmlns:xsi="http://www.w3.org/2001/XMLSchema-instance"	
	xmlns:p="http://www.springframework.org/schema/p"
	xmlns:tx="http://www.springframework.org/schema/tx"
	xsi:schemaLocation="http://www.springframework.org/schema/beans http://www.springframework.org/schema/beans/spring-beans.xsd
		http://www.springframework.org/schema/aop http://www.springframework.org/schema/aop/spring-aop-4.3.xsd
		http://www.springframework.org/schema/tx http://www.springframework.org/schema/tx/spring-tx-4.3.xsd">

	<config>
		<pointcut expression="execution(public * com.*.*.service..*(..))"
					  id="servicePublicMethod"/>
		<advisor advice-ref="txAdvice" 
		             pointcut-ref="servicePublicMethod"/>					
	</config>
	
	<tx:advice id="txAdvice" transaction-manager="transactionManager">
		<tx:attributes>
			<tx:method name="*" propagation="REQUIRED"/>
			<tx:method name="regist*" rollback-for="Exception"  />
			<tx:method name="modify*" rollback-for="Exception"  />
			<tx:method name="remove*" rollback-for="Exception"  />
			<tx:method name="read*" rollback-for="Exception"  />
			<tx:method name="get*" read-only="true"  />
		</tx:attributes>
	</tx:advice>

</beans:beans>
