<?xml version="1.0" encoding="UTF-8"?>
<beans xmlns="http://www.springframework.org/schema/beans"
	xmlns:xsi="http://www.w3.org/2001/XMLSchema-instance"
	xmlns:p="http://www.springframework.org/schema/p"
	xmlns:c="http://www.springframework.org/schema/c"
	xsi:schemaLocation="http://www.springframework.org/schema/beans http://www.springframework.org/schema/beans/spring-beans.xsd">

	<bean id="dataSourceSpied"
		class="org.apache.commons.dbcp2.BasicDataSource"
		p:driverClassName="oracle.jdbc.driver.OracleDriver"
		p:url="jdbc:oracle:thin:@Localhost:1521:XE"
		p:username="bts"
		p:password="12345" />
	
	
	<bean id="dataSource"
			class="net.sf.log4jdbc.Log4jdbcProxyDataSource">
			<constructor-arg ref="dataSourceSpied" />
			<property name="logFormatter">
				<bean class="net.sf.log4jdbc.tools.Log4JdbcCustomFormatter">
					<property name="loggingType" value="MULTI_LINE" />
					<property name="sqlPrefix" value="SQL" />
				</bean>
			</property>
	
	</bean>
		
	<bean id="sqlSessionFactory"
		class="org.mybatis.spring.SqlSessionFactoryBean"
		p:dataSource-ref="dataSource"
		p:configLocation="classpath:com/blood/sqlConfig/sqlConfig.xml"
		p:mapperLocations="classpath:com/blood/sqlMaps/*-Mapper.xml" />

	<bean id="sqlSession"
		class="org.mybatis.spring.SqlSessionTemplate"
		c:sqlSessionFactory-ref="sqlSessionFactory" />
		
	<bean id="transactionManager"
		class="org.springframework.jdbc.datasource.DataSourceTransactionManager"
		p:dataSource-ref="dataSource" />
</beans>
