<?xml version="1.0" encoding="UTF-8"?>

<!DOCTYPE mapper PUBLIC "-//mybatis.org//DTD Mapper 3.0//EN"
    "http://mybatis.org/dtd/mybatis-3-mapper.dtd">
    
     <mapper namespace="JoinClub-Mapper">
     
    	<update id="insertJoinClub">
			insert into JoinClub(join_no,mem_id,club_no,club_date)
			values(joinclub_seq.nextval,#{mem_id},#{club_no},#{club_date})
		</update>
    	
		<update id="deleteJoinClub">
			delete 
			from joinclub
			where mem_id=#{mem_id}
		</update>
		
		<!-- 동호회원인지 체크->가입,탈퇴 버튼 표시 -->
		<select id="selectJoinClub" resultType="join">
			select *
            from joinclub
            where mem_id=#{mem_id} and club_no=#{club_no};
		</select>
		
		<!-- 내가 가입한 동호회 리스트 -->
		<select id="selectJoinClubList" resultType="join">
			select club.club_name
			from joinclub,club
			where joinclub.club_no=club.club_no 
			and joinclub.mem_id=#{mem_id};
			
		</select>
		
		
		<!-- 내동호회의 동호회원 리스트 -->
		<select id="selectMyClubList" resultType="join">
			select mem_id
			from joinclub
			where club_no=#{clun_no};
		</select>
		
		<select id="selectJoinClubSeqNext" resultType="int">
			select joinclub_seq.nextval as join_no 
			from dual
		</select>
    	
    </mapper>
    